accuracy,f1_score
0.990720832861831,0.9904026217228464
