accuracy,f1_score
0.9956998981554827,0.9955679962677864
